Filename,Leading Signal,Phase Shift (MID),Phase Shift (LEFT),Phase Shift (RIGHT)
P0x50.csv,LEFT,-0.000582,,-0.00024
P20x35.csv,LEFT,-0.000402,,-0.00019800000000000002
P20x50.csv,LEFT,-0.00084,,-0.000858
P20x60.csv,LEFT,-0.00096,,-0.001038
P25x-5.csv,RIGHT,-0.000192,-0.001098,
P25x0.csv,RIGHT,-0.000132,-0.0010500000000000002,
P25x25.csv,RIGHT,-1.2e-05,-1.8e-05,
P25x50.csv,LEFT,-0.0007920000000000001,,-0.000984
P45x5.csv,MID,,-0.0013260000000000001,-0.00123
P55x-5.csv,MID,,-0.001242,-0.001128